﻿Designator,Footprint,Quantity,Value,LCSC Part #
A1,RaspberryPi_Pico_Common_Unspecified,1,RaspberryPi_Pico,
"D1, D10, D11, D12, D13, D14, D15, D16, D2, D3, D4, D5, D6, D7, D8, D9",SK6812MINI-E,16,SK6812MINI,
"D17, D18, D19, D20, D21, D22, D23, D24, D25, D26, D27, D28, D29, D30, D31, D32",0805,16,D_45deg,
"R1, R2, R3, R4, R5, R6, R7, R8",RES-ADJ_PTA4543-2015CPB102,8,~,
"SW1, SW10, SW13, SW16, SW19, SW22, SW4, SW7",RotaryEncoder_Alps_EC11E-Switch_Vertical_H20mm_MountingHoles,8,RotaryEncoder_Switch_MP,
"SW11, SW12, SW14, SW15, SW17, SW18, SW2, SW20, SW21, SW23, SW24, SW3, SW5, SW6, SW8, SW9",SW_Cherry_MX_1.00u_PCB,16,SW_Push,
U1,SOIC-16_3.9x9.9mm_P1.27mm,1,MCP3008,
U3,SOIC-28W_7.5x17.9mm_P1.27mm,1,MCP23017_SO,
